{"inputUnits":[63],"outputUnits":3,"inputs":{"0":{"dtype":"number","min":0.21556356549263,"max":0.8576866388320923},"1":{"dtype":"number","min":0.09545791149139404,"max":0.9453752040863037},"2":{"dtype":"number","min":-0.0000010226167432847433,"max":9.911667575579486e-7},"3":{"dtype":"number","min":0.18272562325000763,"max":0.8579230904579163},"4":{"dtype":"number","min":0.15303583443164825,"max":0.8977132439613342},"5":{"dtype":"number","min":-0.07809817790985107,"max":0.05037859082221985},"6":{"dtype":"number","min":0.17857259511947632,"max":0.8326242566108704},"7":{"dtype":"number","min":0.24769040942192078,"max":0.8242366909980774},"8":{"dtype":"number","min":-0.1302037239074707,"max":0.07069128006696701},"9":{"dtype":"number","min":0.19636371731758118,"max":0.8131696581840515},"10":{"dtype":"number","min":0.21415209770202637,"max":0.7418935894966125},"11":{"dtype":"number","min":-0.1678689569234848,"max":0.0802624300122261},"12":{"dtype":"number","min":0.19004102051258087,"max":0.8172937035560608},"13":{"dtype":"number","min":0.1532132625579834,"max":0.7189896106719971},"14":{"dtype":"number","min":-0.19518525898456573,"max":0.0865044817328453},"15":{"dtype":"number","min":0.1873188316822052,"max":0.8532642722129822},"16":{"dtype":"number","min":0.23468244075775146,"max":0.7274987101554871},"17":{"dtype":"number","min":-0.17350412905216217,"max":0.037374310195446014},"18":{"dtype":"number","min":0.19472721219062805,"max":0.8612549304962158},"19":{"dtype":"number","min":0.2007131725549698,"max":0.7012845277786255},"20":{"dtype":"number","min":-0.22871002554893494,"max":0.03966086730360985},"21":{"dtype":"number","min":0.23662367463111877,"max":0.8433544039726257},"22":{"dtype":"number","min":0.1546872854232788,"max":0.7331859469413757},"23":{"dtype":"number","min":-0.2332172393798828,"max":0.03672409430146217},"24":{"dtype":"number","min":0.23108118772506714,"max":0.8926323652267456},"25":{"dtype":"number","min":0.12666022777557373,"max":0.7736205458641052},"26":{"dtype":"number","min":-0.23232951760292053,"max":0.03729628399014473},"27":{"dtype":"number","min":0.2217598408460617,"max":0.9019749760627747},"28":{"dtype":"number","min":0.23492386937141418,"max":0.7453225255012512},"29":{"dtype":"number","min":-0.1873938888311386,"max":0.032092396169900894},"30":{"dtype":"number","min":0.21254895627498627,"max":0.8672320246696472},"31":{"dtype":"number","min":0.25248974561691284,"max":0.7560727000236511},"32":{"dtype":"number","min":-0.24374309182167053,"max":0.047696955502033234},"33":{"dtype":"number","min":0.26460763812065125,"max":0.804577112197876},"34":{"dtype":"number","min":0.1929364949464798,"max":0.7821676731109619},"35":{"dtype":"number","min":-0.22395958006381989,"max":0.03772112354636192},"36":{"dtype":"number","min":0.2571699917316437,"max":0.847148060798645},"37":{"dtype":"number","min":0.1548580378293991,"max":0.8435453176498413},"38":{"dtype":"number","min":-0.2116582840681076,"max":0.026740776374936104},"39":{"dtype":"number","min":0.2443191260099411,"max":0.9175189733505249},"40":{"dtype":"number","min":0.26196691393852234,"max":0.7994964718818665},"41":{"dtype":"number","min":-0.20375287532806396,"max":0.032334864139556885},"42":{"dtype":"number","min":0.25437796115875244,"max":0.8915830850601196},"43":{"dtype":"number","min":0.3516196310520172,"max":0.8005829453468323},"44":{"dtype":"number","min":-0.25452256202697754,"max":0.04554938152432442},"45":{"dtype":"number","min":0.2658820152282715,"max":0.8036815524101257},"46":{"dtype":"number","min":0.31014198064804077,"max":0.8222741484642029},"47":{"dtype":"number","min":-0.21305327117443085,"max":0.043055422604084015},"48":{"dtype":"number","min":0.255543053150177,"max":0.7802485227584839},"49":{"dtype":"number","min":0.2742106318473816,"max":0.8812357187271118},"50":{"dtype":"number","min":-0.21397635340690613,"max":0.03758256882429123},"51":{"dtype":"number","min":0.23983114957809448,"max":0.9117817282676697},"52":{"dtype":"number","min":0.2977546751499176,"max":0.852423906326294},"53":{"dtype":"number","min":-0.22206337749958038,"max":0.03174601495265961},"54":{"dtype":"number","min":0.2752784490585327,"max":0.9004611968994141},"55":{"dtype":"number","min":0.410061240196228,"max":0.8509745597839355},"56":{"dtype":"number","min":-0.26322951912879944,"max":0.04475269839167595},"57":{"dtype":"number","min":0.2572113275527954,"max":0.842760443687439},"58":{"dtype":"number","min":0.3950648903846741,"max":0.8716327548027039},"59":{"dtype":"number","min":-0.24323582649230957,"max":0.0537240207195282},"60":{"dtype":"number","min":0.2504544258117676,"max":0.8290212154388428},"61":{"dtype":"number","min":0.36660435795783997,"max":0.8833169937133789},"62":{"dtype":"number","min":-0.22584742307662964,"max":0.05933542922139168}},"outputs":{"label":{"dtype":"string","min":0,"max":1,"uniqueValues":["paper","fist","thumb"],"legend":{"paper":[1,0,0],"fist":[0,1,0],"thumb":[0,0,1]}}},"isNormalized":true}